,Country,Year,total_alcohol_consumption_per_capita_liters
0,Afghanistan,2010,0.209999993443489
1,Afghanistan,2015,0.209999993443489
2,Afghanistan,2018,0.209999993443489
3,Albania,2000,6.570000171661377
4,Albania,2005,7.650000095367432
5,Albania,2010,7.690000057220459
6,Albania,2015,6.739999771118164
7,Albania,2018,7.170000076293945
8,Algeria,2000,0.5799999833106995
9,Algeria,2005,0.8100000023841858
10,Algeria,2010,0.6499999761581421
11,Algeria,2015,0.9300000071525574
12,Algeria,2018,0.949999988079071
13,Andorra,2000,13.279999732971191
14,Andorra,2005,12.550000190734863
15,Andorra,2010,11.109999656677246
16,Andorra,2015,11.010000228881836
17,Andorra,2018,11.020000457763672
18,Angola,2000,2.759999990463257
19,Angola,2005,4.889999866485596
20,Angola,2010,8.15999984741211
21,Angola,2015,7.960000038146973
22,Angola,2018,6.940000057220459
23,Antigua and Barbuda,2000,5.130000114440918
24,Antigua and Barbuda,2005,5.369999885559082
25,Antigua and Barbuda,2010,5.599999904632568
26,Antigua and Barbuda,2015,5.889999866485596
27,Antigua and Barbuda,2018,6.380000114440918
28,Argentina,2000,8.75
29,Argentina,2005,8.65999984741211
30,Argentina,2010,9.09000015258789
31,Argentina,2015,9.550000190734863
32,Argentina,2018,9.649999618530272
33,Armenia,2000,4.230000019073486
34,Armenia,2005,5.789999961853027
35,Armenia,2010,5.690000057220459
36,Armenia,2015,5.840000152587891
37,Armenia,2018,5.550000190734863
38,Australia,2000,11.720000267028809
39,Australia,2005,12.079999923706056
40,Australia,2010,12.390000343322754
41,Australia,2015,10.829999923706056
42,Australia,2018,10.510000228881836
43,Austria,2000,13.119999885559082
44,Austria,2005,12.789999961853027
45,Austria,2010,12.199999809265137
46,Austria,2015,12.06999969482422
47,Austria,2018,11.960000038146973
48,Azerbaijan,2000,3.450000047683716
49,Azerbaijan,2005,1.809999942779541
50,Azerbaijan,2010,2.970000028610229
51,Azerbaijan,2015,4.579999923706055
52,Azerbaijan,2018,4.409999847412109
53,Bahamas,2000,5.579999923706055
54,Bahamas,2005,4.28000020980835
55,Bahamas,2010,4.119999885559082
56,Bahamas,2015,4.550000190734863
57,Bahamas,2018,4.78000020980835
58,Bahrain,2000,1.7400000095367432
59,Bahrain,2005,1.7599999904632568
60,Bahrain,2010,1.690000057220459
61,Bahrain,2015,1.2999999523162842
62,Bahrain,2018,1.090000033378601
63,Bangladesh,2000,0.2300000041723251
64,Bangladesh,2005,0.1599999964237213
65,Bangladesh,2010,0.1599999964237213
66,Bangladesh,2015,0.0209999997168779
67,Bangladesh,2018,0.0189999993890523
68,Barbados,2000,7.110000133514404
69,Barbados,2005,7.400000095367432
70,Barbados,2010,7.949999809265137
71,Barbados,2015,9.329999923706056
72,Barbados,2018,9.6899995803833
73,Belarus,2000,15.170000076293944
74,Belarus,2005,15.300000190734863
75,Belarus,2010,17.43000030517578
76,Belarus,2015,12.0
77,Belarus,2018,11.449999809265137
78,Belgium,2000,12.489999771118164
79,Belgium,2005,13.130000114440918
80,Belgium,2010,11.399999618530272
81,Belgium,2015,11.81999969482422
82,Belgium,2018,11.079999923706056
83,Belize,2000,5.550000190734863
84,Belize,2005,7.159999847412109
85,Belize,2010,7.079999923706055
86,Belize,2015,6.739999771118164
87,Belize,2018,6.21999979019165
88,Benin,2000,2.4600000381469727
89,Benin,2005,2.2300000190734863
90,Benin,2010,2.470000028610229
91,Benin,2015,2.970000028610229
92,Benin,2018,2.809999942779541
93,Bhutan,2000,2.7699999809265137
94,Bhutan,2005,1.600000023841858
95,Bhutan,2010,0.9200000166893004
96,Bhutan,2015,0.4199999868869781
97,Bhutan,2018,0.4300000071525574
98,Bolivia,2000,3.440000057220459
99,Bolivia,2005,4.369999885559082
100,Bolivia,2010,5.559999942779541
101,Bolivia,2015,4.639999866485596
102,Bolivia,2018,4.429999828338623
103,Bosnia and Herzegovina,2000,6.369999885559082
104,Bosnia and Herzegovina,2005,7.199999809265137
105,Bosnia and Herzegovina,2010,7.320000171661377
106,Bosnia and Herzegovina,2015,6.920000076293945
107,Bosnia and Herzegovina,2018,7.150000095367432
108,Botswana,2000,9.050000190734863
109,Botswana,2005,9.609999656677246
110,Botswana,2010,8.619999885559082
111,Botswana,2015,6.860000133514404
112,Botswana,2018,6.590000152587891
113,Brazil,2000,8.779999732971191
114,Brazil,2005,8.319999694824219
115,Brazil,2010,8.489999771118164
116,Brazil,2015,7.860000133514404
117,Brazil,2018,7.420000076293945
118,Brunei,2000,0.2300000041723251
119,Brunei,2005,0.209999993443489
120,Brunei,2010,0.5099999904632568
121,Brunei,2015,0.4600000083446502
122,Brunei,2018,0.4799999892711639
123,Bulgaria,2000,11.800000190734863
124,Bulgaria,2005,11.420000076293944
125,Bulgaria,2010,11.31999969482422
126,Bulgaria,2015,12.34000015258789
127,Bulgaria,2018,12.649999618530272
128,Burkina Faso,2000,8.399999618530273
129,Burkina Faso,2005,9.1899995803833
130,Burkina Faso,2010,8.579999923706055
131,Burkina Faso,2015,11.829999923706056
132,Burkina Faso,2018,12.029999732971191
133,Burundi,2000,9.81999969482422
134,Burundi,2005,8.4399995803833
135,Burundi,2010,7.659999847412109
136,Burundi,2015,7.03000020980835
137,Burundi,2018,7.190000057220459
138,Cambodia,2000,1.870000004768372
139,Cambodia,2005,2.690000057220459
140,Cambodia,2010,4.909999847412109
141,Cambodia,2015,6.369999885559082
142,Cambodia,2018,6.639999866485596
143,Cameroon,2000,6.690000057220459
144,Cameroon,2005,7.619999885559082
145,Cameroon,2010,8.430000305175781
146,Cameroon,2015,6.170000076293945
147,Cameroon,2018,5.650000095367432
148,Canada,2010,10.100000381469728
149,Canada,2015,8.880000114440918
150,Canada,2018,8.9399995803833
151,Cape Verde,2000,6.03000020980835
152,Cape Verde,2005,6.949999809265137
153,Cape Verde,2010,7.510000228881836
154,Cape Verde,2015,5.949999809265137
155,Cape Verde,2018,5.599999904632568
156,Central African Republic,2000,3.680000066757202
157,Central African Republic,2005,3.619999885559082
158,Central African Republic,2010,3.9800000190734863
159,Central African Republic,2015,2.430000066757202
160,Central African Republic,2018,2.380000114440918
161,Chad,2000,4.340000152587891
162,Chad,2005,4.619999885559082
163,Chad,2010,6.579999923706055
164,Chad,2015,1.4500000476837158
165,Chad,2018,1.3700000047683716
166,Chile,2000,7.739999771118164
167,Chile,2005,8.930000305175781
168,Chile,2010,9.3100004196167
169,Chile,2015,9.260000228881836
170,Chile,2018,9.06999969482422
171,China,2000,3.809999942779541
172,China,2005,4.019999980926514
173,China,2010,7.070000171661377
174,China,2015,7.150000095367432
175,China,2018,7.050000190734863
176,Colombia,2000,5.579999923706055
177,Colombia,2005,5.409999847412109
178,Colombia,2010,5.039999961853027
179,Colombia,2015,5.78000020980835
180,Colombia,2018,5.739999771118164
181,Comoros,2000,0.1899999976158142
182,Comoros,2005,0.4399999976158142
183,Comoros,2010,0.25
184,Comoros,2015,0.8799999952316284
185,Comoros,2018,0.6899999976158142
186,Congo,2000,3.450000047683716
187,Congo,2005,3.75
188,Congo,2010,6.170000076293945
189,Congo,2015,7.900000095367432
190,Congo,2018,9.270000457763672
191,Costa Rica,2000,5.550000190734863
192,Costa Rica,2005,5.420000076293945
193,Costa Rica,2010,4.800000190734863
194,Costa Rica,2015,4.760000228881836
195,Costa Rica,2018,4.869999885559082
196,Cote d'Ivoire,2000,7.25
197,Cote d'Ivoire,2005,3.299999952316284
198,Cote d'Ivoire,2010,2.5299999713897705
199,Cote d'Ivoire,2015,2.609999895095825
200,Cote d'Ivoire,2018,2.7100000381469727
201,Croatia,2000,12.449999809265137
202,Croatia,2005,10.3100004196167
203,Croatia,2010,10.079999923706056
204,Croatia,2015,9.06999969482422
205,Croatia,2018,9.229999542236328
206,Cuba,2000,4.980000019073486
207,Cuba,2005,5.360000133514404
208,Cuba,2010,5.019999980926514
209,Cuba,2015,5.670000076293945
210,Cuba,2018,5.829999923706055
211,Cyprus,2000,10.859999656677246
212,Cyprus,2005,12.43000030517578
213,Cyprus,2010,11.350000381469728
214,Cyprus,2015,10.760000228881836
215,Cyprus,2018,10.8100004196167
216,Czechia,2000,15.0
217,Czechia,2005,14.760000228881836
218,Czechia,2010,14.0600004196167
219,Czechia,2015,14.25
220,Czechia,2018,14.449999809265137
221,Democratic Republic of Congo,2000,0.949999988079071
222,Democratic Republic of Congo,2005,0.8600000143051147
223,Democratic Republic of Congo,2010,1.75
224,Democratic Republic of Congo,2015,2.049999952316284
225,Democratic Republic of Congo,2018,2.0
226,Denmark,2000,12.670000076293944
227,Denmark,2005,12.289999961853027
228,Denmark,2010,11.0
229,Denmark,2015,10.359999656677246
230,Denmark,2018,10.260000228881836
231,Djibouti,2000,1.6200000047683716
232,Djibouti,2005,1.2799999713897705
233,Djibouti,2010,0.6700000166893005
234,Djibouti,2015,0.4900000095367431
235,Djibouti,2018,0.4300000071525574
236,Dominica,2000,8.380000114440918
237,Dominica,2005,8.720000267028809
238,Dominica,2010,9.649999618530272
239,Dominica,2015,11.31999969482422
240,Dominica,2018,11.18000030517578
241,Dominican Republic,2000,7.190000057220459
242,Dominican Republic,2005,6.150000095367432
243,Dominican Republic,2010,6.110000133514404
244,Dominican Republic,2015,6.610000133514404
245,Dominican Republic,2018,6.679999828338623
246,East Asia and Pacific,2000,4.09275484085083
247,East Asia and Pacific,2005,4.18595027923584
248,East Asia and Pacific,2010,6.262726306915283
249,East Asia and Pacific,2015,6.474730491638184
250,East Asia and Pacific,2018,6.433457374572754
251,Ecuador,2000,5.960000038146973
252,Ecuador,2005,5.809999942779541
253,Ecuador,2010,6.159999847412109
254,Ecuador,2015,4.980000019073486
255,Ecuador,2018,4.199999809265137
256,Egypt,2000,0.25
257,Egypt,2005,0.2899999916553497
258,Egypt,2010,0.3600000143051147
259,Egypt,2015,0.4000000059604645
260,Egypt,2018,0.3600000143051147
261,El Salvador,2000,3.859999895095825
262,El Salvador,2005,3.799999952316284
263,El Salvador,2010,3.309999942779541
264,El Salvador,2015,3.5899999141693115
265,El Salvador,2018,3.890000104904175
266,Equatorial Guinea,2000,7.449999809265137
267,Equatorial Guinea,2005,8.90999984741211
268,Equatorial Guinea,2010,9.199999809265137
269,Equatorial Guinea,2015,9.079999923706056
270,Equatorial Guinea,2018,7.230000019073486
271,Eritrea,2000,1.5700000524520874
272,Eritrea,2005,2.0799999237060547
273,Eritrea,2010,1.3799999952316284
274,Eritrea,2015,1.4199999570846558
275,Eritrea,2018,1.440000057220459
276,Estonia,2000,9.56999969482422
277,Estonia,2005,15.649999618530272
278,Estonia,2010,12.390000343322754
279,Estonia,2015,12.390000343322754
280,Estonia,2018,9.229999542236328
281,Eswatini,2000,7.460000038146973
282,Eswatini,2005,6.710000038146973
283,Eswatini,2010,6.820000171661377
284,Eswatini,2015,9.84000015258789
285,Eswatini,2018,10.039999961853027
286,Ethiopia,2000,1.7599999904632568
287,Ethiopia,2005,2.049999952316284
288,Ethiopia,2010,2.5
289,Ethiopia,2015,2.190000057220459
290,Ethiopia,2018,2.359999895095825
291,Europe and Central Asia,2000,12.072473526000977
292,Europe and Central Asia,2005,12.06888198852539
293,Europe and Central Asia,2010,11.038371086120604
294,Europe and Central Asia,2015,10.087076187133787
295,Europe and Central Asia,2018,9.763975143432615
296,European Union,2000,12.639369010925291
297,European Union,2005,12.3027982711792
298,European Union,2010,11.2106351852417
299,European Union,2015,11.37709140777588
300,European Union,2018,11.44471549987793
301,Fiji,2000,3.240000009536743
302,Fiji,2005,2.7799999713897705
303,Fiji,2010,3.0
304,Fiji,2015,3.3299999237060547
305,Fiji,2018,3.319999933242798
306,Finland,2000,11.6899995803833
307,Finland,2005,13.109999656677246
308,Finland,2010,12.59000015258789
309,Finland,2015,11.18000030517578
310,Finland,2018,10.779999732971191
311,France,2000,14.079999923706056
312,France,2005,13.09000015258789
313,France,2010,12.399999618530272
314,France,2015,12.640000343322754
315,France,2018,12.329999923706056
316,Gabon,2000,10.59000015258789
317,Gabon,2005,9.359999656677246
318,Gabon,2010,9.890000343322754
319,Gabon,2015,9.56999969482422
320,Gabon,2018,8.739999771118164
321,Gambia,2000,4.139999866485596
322,Gambia,2005,4.269999980926514
323,Gambia,2010,3.809999942779541
324,Gambia,2015,3.670000076293945
325,Gambia,2018,3.549999952316284
326,Georgia,2000,4.409999847412109
327,Georgia,2005,6.389999866485596
328,Georgia,2010,9.670000076293944
329,Georgia,2015,9.609999656677246
330,Georgia,2018,8.25
331,Germany,2000,14.15999984741211
332,Germany,2005,13.279999732971191
333,Germany,2010,12.640000343322754
334,Germany,2015,13.0600004196167
335,Germany,2018,12.90999984741211
336,Ghana,2000,5.300000190734863
337,Ghana,2005,3.7699999809265137
338,Ghana,2010,4.260000228881836
339,Ghana,2015,3.119999885559082
340,Ghana,2018,2.75
341,Greece,2000,10.18000030517578
342,Greece,2005,10.729999542236328
343,Greece,2010,9.670000076293944
344,Greece,2015,10.489999771118164
345,Greece,2018,10.18000030517578
346,Grenada,2000,9.800000190734863
347,Grenada,2005,8.760000228881836
348,Grenada,2010,8.3100004196167
349,Grenada,2015,9.06999969482422
350,Grenada,2018,9.479999542236328
351,Guatemala,2000,4.400000095367432
352,Guatemala,2005,4.289999961853027
353,Guatemala,2010,3.509999990463257
354,Guatemala,2015,2.549999952316284
355,Guatemala,2018,2.450000047683716
356,Guinea,2000,0.6700000166893005
357,Guinea,2005,0.7699999809265137
358,Guinea,2010,0.699999988079071
359,Guinea,2015,1.0700000524520874
360,Guinea,2018,1.1100000143051147
361,Guinea-Bissau,2000,4.150000095367432
362,Guinea-Bissau,2005,5.309999942779541
363,Guinea-Bissau,2010,4.46999979019165
364,Guinea-Bissau,2015,5.050000190734863
365,Guinea-Bissau,2018,5.380000114440918
366,Guyana,2000,8.979999542236328
367,Guyana,2005,7.980000019073486
368,Guyana,2010,6.78000020980835
369,Guyana,2015,7.349999904632568
370,Guyana,2018,6.889999866485596
371,Haiti,2000,3.9700000286102295
372,Haiti,2005,3.859999895095825
373,Haiti,2010,2.990000009536743
374,Haiti,2015,2.690000057220459
375,Haiti,2018,2.7300000190734863
376,High income,2000,10.560222625732422
377,High income,2005,10.389937400817873
378,High income,2010,9.635647773742676
379,High income,2015,9.76491928100586
380,High income,2018,9.779657363891602
381,Honduras,2000,3.5
382,Honduras,2005,3.880000114440918
383,Honduras,2010,3.5899999141693115
384,Honduras,2015,3.490000009536743
385,Honduras,2018,3.759999990463257
386,Hungary,2000,14.270000457763672
387,Hungary,2005,14.5600004196167
388,Hungary,2010,12.09000015258789
389,Hungary,2015,11.600000381469728
390,Hungary,2018,11.350000381469728
391,Iceland,2000,7.03000020980835
392,Iceland,2005,7.739999771118164
393,Iceland,2010,7.5
394,Iceland,2015,8.739999771118164
395,Iceland,2018,9.119999885559082
396,India,2000,2.2799999713897705
397,India,2005,2.3299999237060547
398,India,2010,4.349999904632568
399,India,2015,5.539999961853027
400,India,2018,5.539999961853027
401,Indonesia,2000,0.5
402,Indonesia,2005,0.4799999892711639
403,Indonesia,2010,0.5899999737739563
404,Indonesia,2015,0.6000000238418579
405,Indonesia,2018,0.5699999928474426
406,Iran,2000,0.209999993443489
407,Iran,2005,0.5799999833106995
408,Iran,2010,1.0099999904632568
409,Iran,2015,1.0099999904632568
410,Iran,2018,1.0299999713897705
411,Iraq,2000,0.449999988079071
412,Iraq,2005,0.4399999976158142
413,Iraq,2010,0.4900000095367431
414,Iraq,2015,0.3700000047683716
415,Iraq,2018,0.3899999856948852
416,Ireland,2000,15.130000114440918
417,Ireland,2005,14.199999809265137
418,Ireland,2010,12.06999969482422
419,Ireland,2015,12.470000267028809
420,Ireland,2018,12.880000114440918
421,Israel,2000,3.0799999237060547
422,Israel,2005,2.700000047683716
423,Israel,2010,3.119999885559082
424,Israel,2015,3.859999895095825
425,Israel,2018,4.210000038146973
426,Italy,2000,10.369999885559082
427,Italy,2005,9.40999984741211
428,Italy,2010,7.340000152587891
429,Italy,2015,7.590000152587891
430,Italy,2018,7.840000152587891
431,Jamaica,2000,4.909999847412109
432,Jamaica,2005,4.429999828338623
433,Jamaica,2010,4.380000114440918
434,Jamaica,2015,4.190000057220459
435,Jamaica,2018,4.21999979019165
436,Japan,2000,8.229999542236328
437,Japan,2005,7.989999771118164
438,Japan,2010,7.199999809265137
439,Japan,2015,7.869999885559082
440,Japan,2018,7.960000038146973
441,Jordan,2000,0.6200000047683716
442,Jordan,2005,0.6600000262260437
443,Jordan,2010,0.6399999856948853
444,Jordan,2015,0.6899999976158142
445,Jordan,2018,0.6899999976158142
446,Kazakhstan,2000,8.180000305175781
447,Kazakhstan,2005,9.329999923706056
448,Kazakhstan,2010,4.96999979019165
449,Kazakhstan,2015,4.659999847412109
450,Kazakhstan,2018,4.760000228881836
451,Kenya,2000,3.829999923706055
452,Kenya,2005,3.009999990463257
453,Kenya,2010,3.289999961853028
454,Kenya,2015,2.7699999809265137
455,Kenya,2018,2.7799999713897705
456,Kiribati,2000,1.9600000381469729
457,Kiribati,2005,2.1600000858306885
458,Kiribati,2010,1.649999976158142
459,Kiribati,2015,0.5199999809265137
460,Kiribati,2018,0.4600000083446502
461,Kuwait,2000,0.0379999987781047
462,Kuwait,2005,0.0189999993890523
463,Kuwait,2010,0.0320000015199184
464,Kuwait,2015,0.003000000026077
465,Kuwait,2018,0.003000000026077
466,Kyrgyzstan,2000,9.449999809265137
467,Kyrgyzstan,2005,11.1899995803833
468,Kyrgyzstan,2010,10.079999923706056
469,Kyrgyzstan,2015,7.590000152587891
470,Kyrgyzstan,2018,6.260000228881836
471,Laos,2000,4.659999847412109
472,Laos,2005,4.369999885559082
473,Laos,2010,7.099999904632568
474,Laos,2015,10.050000190734863
475,Laos,2018,10.720000267028809
476,Latin America and Caribbean,2000,7.301120758056641
477,Latin America and Caribbean,2005,7.197228908538818
478,Latin America and Caribbean,2010,6.999579429626465
479,Latin America and Caribbean,2015,6.6189374923706055
480,Latin America and Caribbean,2018,6.331605434417725
481,Latvia,2000,8.760000228881836
482,Latvia,2005,11.960000038146973
483,Latvia,2010,11.630000114440918
484,Latvia,2015,12.640000343322754
485,Latvia,2018,12.770000457763672
486,Lebanon,2000,2.9600000381469727
487,Lebanon,2005,2.309999942779541
488,Lebanon,2010,1.940000057220459
489,Lebanon,2015,1.649999976158142
490,Lebanon,2018,1.7100000381469729
491,Lesotho,2000,7.309999942779541
492,Lesotho,2005,5.369999885559082
493,Lesotho,2010,6.5
494,Lesotho,2015,4.800000190734863
495,Lesotho,2018,4.590000152587891
496,Liberia,2000,6.380000114440918
497,Liberia,2005,6.050000190734863
498,Liberia,2010,5.369999885559082
499,Liberia,2015,5.699999809265137
500,Liberia,2018,6.119999885559082
501,Libya,2000,0.0640000030398368
502,Libya,2005,0.0829999968409538
503,Libya,2010,0.0979999974370002
504,Libya,2015,0.0289999991655349
505,Libya,2018,0.0189999993890523
506,Lithuania,2000,13.359999656677246
507,Lithuania,2005,16.100000381469727
508,Lithuania,2010,15.25
509,Lithuania,2015,15.380000114440918
510,Lithuania,2018,13.220000267028809
511,Low and middle income,2000,4.2352681159973145
512,Low and middle income,2005,4.265925407409668
513,Low and middle income,2010,5.5076093673706055
514,Low and middle income,2015,5.542835235595703
515,Low and middle income,2018,5.429973125457764
516,Low income,2000,3.275198459625244
517,Low income,2005,3.209378957748413
518,Low income,2010,3.2434427738189697
519,Low income,2015,3.124896049499512
520,Low income,2018,3.1952359676361084
521,Lower middle income,2000,2.7682642936706543
522,Lower middle income,2005,2.7773122787475586
523,Lower middle income,2010,3.8899991512298575
524,Lower middle income,2015,4.429854393005371
525,Lower middle income,2018,4.43451738357544
526,Luxembourg,2000,14.31999969482422
527,Luxembourg,2005,13.579999923706056
528,Luxembourg,2010,12.979999542236328
529,Luxembourg,2015,13.18000030517578
530,Luxembourg,2018,12.9399995803833
531,Madagascar,2000,2.109999895095825
532,Madagascar,2005,1.5299999713897705
533,Madagascar,2010,1.870000004768372
534,Madagascar,2015,1.8799999952316284
535,Madagascar,2018,1.9700000286102293
536,Malawi,2000,2.4200000762939453
537,Malawi,2005,2.869999885559082
538,Malawi,2010,3.2100000381469727
539,Malawi,2015,3.619999885559082
540,Malawi,2018,3.630000114440918
541,Malaysia,2000,1.5299999713897705
542,Malaysia,2005,1.2799999713897705
543,Malaysia,2010,1.3200000524520874
544,Malaysia,2015,0.8500000238418579
545,Malaysia,2018,0.8500000238418579
546,Maldives,2000,2.039999961853028
547,Maldives,2005,1.5199999809265137
548,Maldives,2010,1.649999976158142
549,Maldives,2015,2.069999933242798
550,Maldives,2018,2.220000028610229
551,Mali,2000,1.149999976158142
552,Mali,2005,1.0499999523162842
553,Mali,2010,1.090000033378601
554,Mali,2015,1.25
555,Mali,2018,1.2799999713897705
556,Malta,2000,5.71999979019165
557,Malta,2005,6.650000095367432
558,Malta,2010,6.579999923706055
559,Malta,2015,7.559999942779541
560,Malta,2018,7.989999771118164
561,Mauritania,2000,0.2000000029802322
562,Mauritania,2005,0.1299999952316284
563,Mauritania,2010,0.0860000029206276
564,Mauritania,2015,0.032999999821186
565,Mauritania,2018,0.0359999984502792
566,Mauritius,2000,5.489999771118164
567,Mauritius,2005,5.0
568,Mauritius,2010,3.809999942779541
569,Mauritius,2015,3.940000057220459
570,Mauritius,2018,4.349999904632568
571,Mexico,2000,6.429999828338623
572,Mexico,2005,6.480000019073486
573,Mexico,2010,5.210000038146973
574,Mexico,2015,4.920000076293945
575,Mexico,2018,5.0
576,Micronesia (country),2000,3.859999895095825
577,Micronesia (country),2005,2.7799999713897705
578,Micronesia (country),2010,2.8499999046325684
579,Micronesia (country),2015,2.440000057220459
580,Micronesia (country),2018,2.4800000190734863
581,Middle East and North Africa,2000,0.6547703146934509
582,Middle East and North Africa,2005,0.7039105892181396
583,Middle East and North Africa,2010,0.7956904768943787
584,Middle East and North Africa,2015,0.8074476718902588
585,Middle East and North Africa,2018,0.8127010464668274
586,Middle income,2000,4.290963649749756
587,Middle income,2005,4.329977035522461
588,Middle income,2010,5.663983345031738
589,Middle income,2015,5.736405849456787
590,Middle income,2018,5.618196964263916
591,Moldova,2000,13.890000343322754
592,Moldova,2005,19.950000762939453
593,Moldova,2010,15.539999961853027
594,Moldova,2015,11.869999885559082
595,Moldova,2018,11.43000030517578
596,Mongolia,2000,3.109999895095825
597,Mongolia,2005,5.28000020980835
598,Mongolia,2010,9.649999618530272
599,Mongolia,2015,10.970000267028809
600,Mongolia,2018,8.1899995803833
601,Montenegro,2010,15.06999969482422
602,Montenegro,2015,10.920000076293944
603,Montenegro,2018,11.470000267028809
604,Morocco,2000,1.0099999904632568
605,Morocco,2005,0.959999978542328
606,Morocco,2010,0.8999999761581421
607,Morocco,2015,0.699999988079071
608,Morocco,2018,0.6899999976158142
609,Mozambique,2000,2.3299999237060547
610,Mozambique,2005,1.2999999523162842
611,Mozambique,2010,1.6299999952316284
612,Mozambique,2015,2.190000057220459
613,Mozambique,2018,2.299999952316284
614,Myanmar,2000,0.3799999952316284
615,Myanmar,2005,1.649999976158142
616,Myanmar,2010,2.900000095367432
617,Myanmar,2015,4.409999847412109
618,Myanmar,2018,5.119999885559082
619,Namibia,2000,3.259999990463257
620,Namibia,2005,2.700000047683716
621,Namibia,2010,1.9900000095367432
622,Namibia,2015,5.230000019073486
623,Namibia,2018,5.429999828338623
624,Nauru,2000,6.039999961853027
625,Nauru,2005,3.400000095367432
626,Nauru,2010,5.730000019073486
627,Nauru,2015,3.7100000381469727
628,Nauru,2018,3.7100000381469727
629,Nepal,2000,1.1200000047683716
630,Nepal,2005,1.950000047683716
631,Nepal,2010,1.940000057220459
632,Nepal,2015,2.049999952316284
633,Nepal,2018,2.049999952316284
634,Netherlands,2000,11.079999923706056
635,Netherlands,2005,10.710000038146973
636,Netherlands,2010,10.210000038146973
637,Netherlands,2015,9.550000190734863
638,Netherlands,2018,9.609999656677246
639,New Zealand,2000,10.420000076293944
640,New Zealand,2005,10.920000076293944
641,New Zealand,2010,11.31999969482422
642,New Zealand,2015,10.4399995803833
643,New Zealand,2018,10.630000114440918
644,Nicaragua,2000,5.050000190734863
645,Nicaragua,2005,5.300000190734863
646,Nicaragua,2010,4.789999961853027
647,Nicaragua,2015,5.03000020980835
648,Nicaragua,2018,5.179999828338623
649,Niger,2000,0.2300000041723251
650,Niger,2005,0.25
651,Niger,2010,0.3100000023841858
652,Niger,2015,0.550000011920929
653,Niger,2018,0.6700000166893005
654,Nigeria,2000,12.5
655,Nigeria,2005,12.510000228881836
656,Nigeria,2010,11.720000267028809
657,Nigeria,2015,10.8100004196167
658,Nigeria,2018,10.84000015258789
659,North America,2000,9.1899995803833
660,North America,2005,9.489999771118164
661,North America,2010,9.43635368347168
662,North America,2015,9.722468376159668
663,North America,2018,9.77231502532959
664,North Korea,2000,3.5199999809265137
665,North Korea,2005,3.680000066757202
666,North Korea,2010,3.7799999713897705
667,North Korea,2015,3.819999933242798
668,North Korea,2018,3.799999952316284
669,North Macedonia,2000,7.309999942779541
670,North Macedonia,2005,7.03000020980835
671,North Macedonia,2010,5.929999828338623
672,North Macedonia,2015,5.929999828338623
673,North Macedonia,2018,6.159999847412109
674,Norway,2000,7.949999809265137
675,Norway,2005,8.869999885559082
676,Norway,2010,8.9399995803833
677,Norway,2015,7.519999980926514
678,Norway,2018,7.409999847412109
679,Oman,2000,6.559999942779541
680,Oman,2005,1.559999942779541
681,Oman,2010,0.7300000190734863
682,Oman,2015,0.7699999809265137
683,Oman,2018,0.7799999713897705
684,Pakistan,2000,0.0850000008940696
685,Pakistan,2005,0.1599999964237213
686,Pakistan,2010,0.1899999976158142
687,Pakistan,2015,0.2899999916553497
688,Pakistan,2018,0.3400000035762787
689,Panama,2000,5.480000019073486
690,Panama,2005,5.489999771118164
691,Panama,2010,6.840000152587891
692,Panama,2015,7.710000038146973
693,Panama,2018,7.980000019073486
694,Papua New Guinea,2000,1.7899999618530271
695,Papua New Guinea,2005,1.600000023841858
696,Papua New Guinea,2010,1.6699999570846558
697,Papua New Guinea,2015,1.3899999856948853
698,Papua New Guinea,2018,1.3899999856948853
699,Paraguay,2000,6.380000114440918
700,Paraguay,2005,6.659999847412109
701,Paraguay,2010,7.579999923706055
702,Paraguay,2015,7.260000228881836
703,Paraguay,2018,7.579999923706055
704,Peru,2000,6.539999961853027
705,Peru,2005,6.989999771118164
706,Peru,2010,7.690000057220459
707,Peru,2015,6.630000114440918
708,Peru,2018,6.380000114440918
709,Philippines,2000,6.059999942779541
710,Philippines,2005,5.670000076293945
711,Philippines,2010,6.980000019073486
712,Philippines,2015,6.699999809265137
713,Philippines,2018,6.860000133514404
714,Poland,2000,9.170000076293944
715,Poland,2005,10.600000381469728
716,Poland,2010,11.210000038146973
717,Poland,2015,11.630000114440918
718,Poland,2018,11.710000038146973
719,Portugal,2000,14.079999923706056
720,Portugal,2005,13.369999885559082
721,Portugal,2010,12.510000228881836
722,Portugal,2015,11.880000114440918
723,Portugal,2018,12.029999732971191
724,Qatar,2000,1.149999976158142
725,Qatar,2005,1.6699999570846558
726,Qatar,2010,1.690000057220459
727,Qatar,2015,1.6200000047683716
728,Qatar,2018,1.590000033378601
729,Romania,2000,17.450000762939453
730,Romania,2005,15.84000015258789
731,Romania,2010,13.970000267028809
732,Romania,2015,11.640000343322754
733,Romania,2018,11.739999771118164
734,Russia,2000,15.729999542236328
735,Russia,2005,17.360000610351562
736,Russia,2010,15.869999885559082
737,Russia,2015,12.470000267028809
738,Russia,2018,11.1899995803833
739,Rwanda,2000,13.729999542236328
740,Rwanda,2005,13.0
741,Rwanda,2010,10.270000457763672
742,Rwanda,2015,9.260000228881836
743,Rwanda,2018,8.949999809265137
744,Saint Kitts and Nevis,2000,9.510000228881836
745,Saint Kitts and Nevis,2005,11.529999732971191
746,Saint Kitts and Nevis,2010,9.449999809265137
747,Saint Kitts and Nevis,2015,8.880000114440918
748,Saint Kitts and Nevis,2018,8.9399995803833
749,Saint Lucia,2000,11.800000190734863
750,Saint Lucia,2005,11.619999885559082
751,Saint Lucia,2010,9.6899995803833
752,Saint Lucia,2015,9.960000038146973
753,Saint Lucia,2018,10.600000381469728
754,Saint Vincent and the Grenadines,2000,5.010000228881836
755,Saint Vincent and the Grenadines,2005,5.989999771118164
756,Saint Vincent and the Grenadines,2010,7.03000020980835
757,Saint Vincent and the Grenadines,2015,8.460000038146973
758,Saint Vincent and the Grenadines,2018,9.0600004196167
759,Samoa,2000,3.7899999618530273
760,Samoa,2005,4.199999809265137
761,Samoa,2010,2.970000028610229
762,Samoa,2015,2.5899999141693115
763,Samoa,2018,2.6600000858306885
764,Sao Tome and Principe,2000,8.199999809265137
765,Sao Tome and Principe,2005,8.720000267028809
766,Sao Tome and Principe,2010,8.34000015258789
767,Sao Tome and Principe,2015,7.190000057220459
768,Sao Tome and Principe,2018,5.880000114440918
769,Saudi Arabia,2000,0.1800000071525573
770,Saudi Arabia,2005,0.1700000017881393
771,Saudi Arabia,2010,0.1700000017881393
772,Saudi Arabia,2015,0.2000000029802322
773,Saudi Arabia,2018,0.1899999976158142
774,Senegal,2000,0.959999978542328
775,Senegal,2005,0.8500000238418579
776,Senegal,2010,0.6000000238418579
777,Senegal,2015,0.7300000190734863
778,Senegal,2018,0.7599999904632568
779,Serbia,2010,11.6899995803833
780,Serbia,2015,8.699999809265137
781,Serbia,2018,8.75
782,Seychelles,2000,7.619999885559082
783,Seychelles,2005,6.130000114440918
784,Seychelles,2010,10.1899995803833
785,Seychelles,2015,18.350000381469727
786,Seychelles,2018,20.5
787,Sierra Leone,2000,5.800000190734863
788,Sierra Leone,2005,5.570000171661377
789,Sierra Leone,2010,5.829999923706055
790,Sierra Leone,2015,5.630000114440918
791,Sierra Leone,2018,5.699999809265137
792,Singapore,2000,2.490000009536743
793,Singapore,2005,1.7799999713897705
794,Singapore,2010,2.190000057220459
795,Singapore,2015,2.069999933242798
796,Singapore,2018,2.0299999713897705
797,Slovakia,2000,12.470000267028809
798,Slovakia,2005,12.0600004196167
799,Slovakia,2010,12.0
800,Slovakia,2015,11.529999732971191
801,Slovakia,2018,11.140000343322754
802,Slovenia,2000,12.600000381469728
803,Slovenia,2005,12.300000190734863
804,Slovenia,2010,11.539999961853027
805,Slovenia,2015,12.739999771118164
806,Slovenia,2018,11.899999618530272
807,Solomon Islands,2000,1.2000000476837158
808,Solomon Islands,2005,1.600000023841858
809,Solomon Islands,2010,1.600000023841858
810,Solomon Islands,2015,1.5499999523162842
811,Solomon Islands,2018,1.830000042915344
812,Somalia,2000,0.0
813,Somalia,2005,0.0680000036954879
814,Somalia,2010,0.2800000011920929
815,Somalia,2015,0.0130000002682209
816,Somalia,2018,0.0089999996125698
817,South Africa,2000,10.020000457763672
818,South Africa,2005,9.579999923706056
819,South Africa,2010,10.039999961853027
820,South Africa,2015,9.609999656677246
821,South Africa,2018,9.520000457763672
822,South Asia,2000,1.8675953149795528
823,South Asia,2005,1.9164631366729736
824,South Asia,2010,3.453921318054199
825,South Asia,2015,4.343318462371826
826,South Asia,2018,4.33329439163208
827,South Korea,2000,12.3100004196167
828,South Korea,2005,10.579999923706056
829,South Korea,2010,9.970000267028809
830,South Korea,2015,10.039999961853027
831,South Korea,2018,9.699999809265137
832,Spain,2000,12.43000030517578
833,Spain,2005,12.829999923706056
834,Spain,2010,10.029999732971191
835,Spain,2015,11.31999969482422
836,Spain,2018,12.720000267028809
837,Sri Lanka,2000,2.220000028610229
838,Sri Lanka,2005,2.5899999141693115
839,Sri Lanka,2010,3.920000076293945
840,Sri Lanka,2015,4.099999904632568
841,Sri Lanka,2018,4.099999904632568
842,Sub-Saharan Africa,2000,6.315086364746094
843,Sub-Saharan Africa,2005,6.1057868003845215
844,Sub-Saharan Africa,2010,6.2933735847473145
845,Sub-Saharan Africa,2015,5.871126174926758
846,Sub-Saharan Africa,2018,5.837510585784912
847,Sudan,2015,0.5199999809265137
848,Sudan,2018,0.5099999904632568
849,Suriname,2000,5.289999961853027
850,Suriname,2005,5.409999847412109
851,Suriname,2010,6.21999979019165
852,Suriname,2015,5.809999942779541
853,Suriname,2018,5.329999923706055
854,Sweden,2000,8.529999732971191
855,Sweden,2005,8.640000343322754
856,Sweden,2010,9.489999771118164
857,Sweden,2015,9.130000114440918
858,Sweden,2018,8.930000305175781
859,Switzerland,2000,12.489999771118164
860,Switzerland,2005,11.640000343322754
861,Switzerland,2010,11.40999984741211
862,Switzerland,2015,11.579999923706056
863,Switzerland,2018,11.529999732971191
864,Syria,2000,1.149999976158142
865,Syria,2005,0.9200000166893004
866,Syria,2010,0.8799999952316284
867,Syria,2015,0.2800000011920929
868,Syria,2018,0.2399999946355819
869,Tajikistan,2000,2.970000028610229
870,Tajikistan,2005,2.509999990463257
871,Tajikistan,2010,2.400000095367432
872,Tajikistan,2015,3.109999895095825
873,Tajikistan,2018,3.2799999713897705
874,Tanzania,2000,8.630000114440918
875,Tanzania,2005,8.710000038146973
876,Tanzania,2010,9.739999771118164
877,Tanzania,2015,11.050000190734863
878,Tanzania,2018,11.270000457763672
879,Thailand,2000,6.489999771118164
880,Thailand,2005,6.809999942779541
881,Thailand,2010,7.710000038146973
882,Thailand,2015,8.359999656677246
883,Thailand,2018,8.300000190734863
884,Timor,2000,1.5299999713897705
885,Timor,2005,0.8299999833106995
886,Timor,2010,0.699999988079071
887,Timor,2015,2.009999990463257
888,Timor,2018,2.1700000762939453
889,Togo,2000,1.7899999618530271
890,Togo,2005,3.259999990463257
891,Togo,2010,2.109999895095825
892,Togo,2015,2.369999885559082
893,Togo,2018,2.4600000381469727
894,Tonga,2000,1.7000000476837158
895,Tonga,2005,2.319999933242798
896,Tonga,2010,1.3899999856948853
897,Tonga,2015,0.6800000071525574
898,Tonga,2018,0.800000011920929
899,Trinidad and Tobago,2000,5.269999980926514
900,Trinidad and Tobago,2005,6.170000076293945
901,Trinidad and Tobago,2010,6.210000038146973
902,Trinidad and Tobago,2015,6.880000114440918
903,Trinidad and Tobago,2018,6.71999979019165
904,Tunisia,2000,1.3600000143051147
905,Tunisia,2005,1.4600000381469729
906,Tunisia,2010,1.399999976158142
907,Tunisia,2015,1.9900000095367432
908,Tunisia,2018,2.119999885559082
909,Turkey,2000,2.4100000858306885
910,Turkey,2005,2.119999885559082
911,Turkey,2010,2.319999933242798
912,Turkey,2015,2.119999885559082
913,Turkey,2018,2.049999952316284
914,Turkmenistan,2000,4.820000171661377
915,Turkmenistan,2005,4.880000114440918
916,Turkmenistan,2010,4.820000171661377
917,Turkmenistan,2015,5.300000190734863
918,Turkmenistan,2018,4.929999828338623
919,Tuvalu,2000,1.9600000381469729
920,Tuvalu,2005,2.0299999713897705
921,Tuvalu,2010,1.6799999475479126
922,Tuvalu,2015,1.9800000190734863
923,Tuvalu,2018,1.5199999809265137
924,Uganda,2000,13.609999656677246
925,Uganda,2005,12.920000076293944
926,Uganda,2010,13.5
927,Uganda,2015,15.140000343322754
928,Uganda,2018,15.09000015258789
929,Ukraine,2000,12.460000038146973
930,Ukraine,2005,12.010000228881836
931,Ukraine,2010,13.56999969482422
932,Ukraine,2015,10.15999984741211
933,Ukraine,2018,8.319999694824219
934,United Arab Emirates,2000,2.5799999237060547
935,United Arab Emirates,2005,3.640000104904175
936,United Arab Emirates,2010,3.150000095367432
937,United Arab Emirates,2015,3.7899999618530273
938,United Arab Emirates,2018,3.900000095367432
939,United Kingdom,2000,13.729999542236328
940,United Kingdom,2005,13.890000343322754
941,United Kingdom,2010,12.0600004196167
942,United Kingdom,2015,11.210000038146973
943,United Kingdom,2018,11.449999809265137
944,United States,2000,9.1899995803833
945,United States,2005,9.489999771118164
946,United States,2010,9.359999656677246
947,United States,2015,9.81999969482422
948,United States,2018,9.869999885559082
949,Upper middle income,2000,5.781988143920898
950,Upper middle income,2005,5.89449405670166
951,Upper middle income,2010,7.532963752746582
952,Upper middle income,2015,7.179192066192627
953,Upper middle income,2018,6.963868141174316
954,Uruguay,2000,8.09000015258789
955,Uruguay,2005,7.460000038146973
956,Uruguay,2010,7.099999904632568
957,Uruguay,2015,6.989999771118164
958,Uruguay,2018,6.920000076293945
959,Uzbekistan,2000,5.679999828338623
960,Uzbekistan,2005,4.150000095367432
961,Uzbekistan,2010,3.009999990463257
962,Uzbekistan,2015,2.5899999141693115
963,Uzbekistan,2018,2.5899999141693115
964,Vanuatu,2000,1.1699999570846558
965,Vanuatu,2005,1.2000000476837158
966,Vanuatu,2010,1.7000000476837158
967,Vanuatu,2015,2.140000104904175
968,Vanuatu,2018,2.25
969,Venezuela,2000,9.149999618530272
970,Venezuela,2005,9.420000076293944
971,Venezuela,2010,8.670000076293945
972,Venezuela,2015,6.820000171661377
973,Venezuela,2018,4.139999866485596
974,Vietnam,2000,2.2100000381469727
975,Vietnam,2005,2.630000114440918
976,Vietnam,2010,4.900000095367432
977,Vietnam,2015,7.860000133514404
978,Vietnam,2018,8.65999984741211
979,World,2000,5.488336086273193
980,World,2005,5.428832530975342
981,World,2010,6.2837653160095215
982,World,2015,6.29895544052124
983,World,2018,6.182634353637695
984,Yemen,2000,0.7900000214576721
985,Yemen,2005,0.3400000035762787
986,Yemen,2010,0.1800000071525573
987,Yemen,2015,0.0549999997019767
988,Yemen,2018,0.0509999990463256
989,Zambia,2000,4.050000190734863
990,Zambia,2005,3.900000095367432
991,Zambia,2010,5.429999828338623
992,Zambia,2015,6.889999866485596
993,Zambia,2018,6.539999961853027
994,Zimbabwe,2000,2.4600000381469727
995,Zimbabwe,2005,2.7699999809265137
996,Zimbabwe,2010,3.930000066757202
997,Zimbabwe,2015,4.920000076293945
998,Zimbabwe,2018,4.670000076293945
